INSERT INTO SYS_FUNCTION (FN_ID, FN_SHORT_NAME, FN_NAME, FN_URL, FN_PARENT_ID, FN_IS_LEAF, FN_TREE_LAYER, FN_REVERSE1, FN_REVERSE2) VALUES('1', NULL, '系统设置', NULL, '-1', '0', '000', NULL, NULL);
INSERT INTO SYS_FUNCTION (FN_ID, FN_SHORT_NAME, FN_NAME, FN_URL, FN_PARENT_ID, FN_IS_LEAF, FN_TREE_LAYER, FN_REVERSE1, FN_REVERSE2) VALUES('2', 'UserInfo', '个人信息', '~/c/xml/detail/UserManager/UserInfo', '1', '1', '000001', NULL, NULL);
INSERT INTO SYS_FUNCTION (FN_ID, FN_SHORT_NAME, FN_NAME, FN_URL, FN_PARENT_ID, FN_IS_LEAF, FN_TREE_LAYER, FN_REVERSE1, FN_REVERSE2) VALUES('3', 'Users', '用户信息', '~/c/xml/list/UserManager/User', '1', '1', '000002', NULL, NULL);
INSERT INTO SYS_FUNCTION (FN_ID, FN_SHORT_NAME, FN_NAME, FN_URL, FN_PARENT_ID, FN_IS_LEAF, FN_TREE_LAYER, FN_REVERSE1, FN_REVERSE2) VALUES('5', 'Part', '角色管理', '~/c/xml/list/UserManager/Part', '1', '1', '000004', NULL, NULL);
INSERT INTO SYS_FUNCTION (FN_ID, FN_SHORT_NAME, FN_NAME, FN_URL, FN_PARENT_ID, FN_IS_LEAF, FN_TREE_LAYER, FN_REVERSE1, FN_REVERSE2) VALUES('6', 'Org', '组织机构', '~/c/xml/C/UserManager/Organization', '1', '1', '000005', NULL, NULL);
INSERT INTO SYS_FUNCTION (FN_ID, FN_SHORT_NAME, FN_NAME, FN_URL, FN_PARENT_ID, FN_IS_LEAF, FN_TREE_LAYER, FN_REVERSE1, FN_REVERSE2) VALUES('7', 'Function', '菜单管理', '~/c/xml/C/UserManager/Function', '1', '1', '000006', NULL, NULL);

INSERT INTO SYS_SUB_FUNC (SF_ID, SF_FN_ID, SF_NAME_ID, SF_NAME, SF_POSITION, SF_ICON, SF_USE_KEY, SF_CONTENT, SF_USE_MARCO, SF_CONFIRM_DATA, SF_DIALOG_TITLE, SF_INFO, SF_ORDER, SF_PAGE) VALUES('1', '3', 'Insert', '新建', 'Global', 'icon-plus', '0', NULL, '0', NULL, NULL, 'Insert', '10', 'List');
INSERT INTO SYS_SUB_FUNC (SF_ID, SF_FN_ID, SF_NAME_ID, SF_NAME, SF_POSITION, SF_ICON, SF_USE_KEY, SF_CONTENT, SF_USE_MARCO, SF_CONFIRM_DATA, SF_DIALOG_TITLE, SF_INFO, SF_ORDER, SF_PAGE) VALUES('2', '3', 'Update', '修改', 'Row', 'icon-edit', '0', NULL, '0', NULL, NULL, 'Update', '20', 'All');
INSERT INTO SYS_SUB_FUNC (SF_ID, SF_FN_ID, SF_NAME_ID, SF_NAME, SF_POSITION, SF_ICON, SF_USE_KEY, SF_CONTENT, SF_USE_MARCO, SF_CONFIRM_DATA, SF_DIALOG_TITLE, SF_INFO, SF_ORDER, SF_PAGE) VALUES('3', '3', 'Delete', '删除', 'Row', NULL, '0', NULL, '0', '确认删除吗？', NULL, 'Delete,AjaxUrl', '30', 'List');
INSERT INTO SYS_SUB_FUNC (SF_ID, SF_FN_ID, SF_NAME_ID, SF_NAME, SF_POSITION, SF_ICON, SF_USE_KEY, SF_CONTENT, SF_USE_MARCO, SF_CONFIRM_DATA, SF_DIALOG_TITLE, SF_INFO, SF_ORDER, SF_PAGE) VALUES('4', '3', 'Password', '重置密码', 'Row', 'icon-key', '0', '~/c/xml/update/UserManager/ChangeUserPasswd?UserId=*Id*&UserName=*Name*', '0', NULL, '重置*Name*密码', 'Dialog', '40', 'All');
INSERT INTO SYS_SUB_FUNC (SF_ID, SF_FN_ID, SF_NAME_ID, SF_NAME, SF_POSITION, SF_ICON, SF_USE_KEY, SF_CONTENT, SF_USE_MARCO, SF_CONFIRM_DATA, SF_DIALOG_TITLE, SF_INFO, SF_ORDER, SF_PAGE) VALUES('5', '3', 'Part', '设置角色', 'Row', 'icon-group', '0', '~/c/xml/update/UserManager/UserPart?UserId=*Id*', '0', NULL, '设置*Name*角色', 'Dialog', '50', 'All');
INSERT INTO SYS_SUB_FUNC (SF_ID, SF_FN_ID, SF_NAME_ID, SF_NAME, SF_POSITION, SF_ICON, SF_USE_KEY, SF_CONTENT, SF_USE_MARCO, SF_CONFIRM_DATA, SF_DIALOG_TITLE, SF_INFO, SF_ORDER, SF_PAGE) VALUES('6', '3', '_Empty', '空操作', 'Row', NULL, '0', '避免角色在配置权限时，出现需要选中该功能，但不要所有子操作的情况无法实现的BUG', '0', NULL, NULL, NULL, '-1', 'List');
INSERT INTO SYS_SUB_FUNC (SF_ID, SF_FN_ID, SF_NAME_ID, SF_NAME, SF_POSITION, SF_ICON, SF_USE_KEY, SF_CONTENT, SF_USE_MARCO, SF_CONFIRM_DATA, SF_DIALOG_TITLE, SF_INFO, SF_ORDER, SF_PAGE) VALUES('7', '5', 'Insert', '新建', 'Global', 'icon-plus', '0', NULL, '0', NULL, NULL, 'Insert,Dialog', '10', 'List');
INSERT INTO SYS_SUB_FUNC (SF_ID, SF_FN_ID, SF_NAME_ID, SF_NAME, SF_POSITION, SF_ICON, SF_USE_KEY, SF_CONTENT, SF_USE_MARCO, SF_CONFIRM_DATA, SF_DIALOG_TITLE, SF_INFO, SF_ORDER, SF_PAGE) VALUES('8', '5', 'Update', '修改', 'Row', 'icon-edit', '0', NULL, '0', NULL, NULL, 'Update,Dialog', '20', 'All');
INSERT INTO SYS_SUB_FUNC (SF_ID, SF_FN_ID, SF_NAME_ID, SF_NAME, SF_POSITION, SF_ICON, SF_USE_KEY, SF_CONTENT, SF_USE_MARCO, SF_CONFIRM_DATA, SF_DIALOG_TITLE, SF_INFO, SF_ORDER, SF_PAGE) VALUES('9', '5', 'Delete', '删除', 'Row', NULL, '0', NULL, '0', '确认删除吗？', NULL, 'Delete,AjaxUrl', '30', 'List');
INSERT INTO SYS_SUB_FUNC (SF_ID, SF_FN_ID, SF_NAME_ID, SF_NAME, SF_POSITION, SF_ICON, SF_USE_KEY, SF_CONTENT, SF_USE_MARCO, SF_CONFIRM_DATA, SF_DIALOG_TITLE, SF_INFO, SF_ORDER, SF_PAGE) VALUES('10', '5', 'Right', '设置权限', 'Row', NULL, '0', '~/c/xml/C/UserManager/PartRight?Id=*Id*', '0', NULL, '设置*Name*权限', 'Dialog', '40', 'List');
INSERT INTO SYS_SUB_FUNC (SF_ID, SF_FN_ID, SF_NAME_ID, SF_NAME, SF_POSITION, SF_ICON, SF_USE_KEY, SF_CONTENT, SF_USE_MARCO, SF_CONFIRM_DATA, SF_DIALOG_TITLE, SF_INFO, SF_ORDER, SF_PAGE) VALUES('11', '5', '_Empty', '空操作', 'Row', NULL, '0', '避免角色在配置权限时，出现需要选中该功能，但不要所有子操作的情况无法实现的BUG', '0', NULL, NULL, NULL, '-1', 'List');
INSERT INTO SYS_SUB_FUNC (SF_ID, SF_FN_ID, SF_NAME_ID, SF_NAME, SF_POSITION, SF_ICON, SF_USE_KEY, SF_CONTENT, SF_USE_MARCO, SF_CONFIRM_DATA, SF_DIALOG_TITLE, SF_INFO, SF_ORDER, SF_PAGE) VALUES('12', '6', 'Update', '修改节点', 'Global', 'icon-edit', '0', NULL, '0', NULL, NULL, 'Update,Dialog', '10', 'Detail');
INSERT INTO SYS_SUB_FUNC (SF_ID, SF_FN_ID, SF_NAME_ID, SF_NAME, SF_POSITION, SF_ICON, SF_USE_KEY, SF_CONTENT, SF_USE_MARCO, SF_CONFIRM_DATA, SF_DIALOG_TITLE, SF_INFO, SF_ORDER, SF_PAGE) VALUES('13', '6', 'Delete', '删除节点', 'Global', 'icon-remove', '0', NULL, '0', '确认删除吗？', NULL, 'Delete,AjaxUrl', '20', 'Detail');
INSERT INTO SYS_SUB_FUNC (SF_ID, SF_FN_ID, SF_NAME_ID, SF_NAME, SF_POSITION, SF_ICON, SF_USE_KEY, SF_CONTENT, SF_USE_MARCO, SF_CONFIRM_DATA, SF_DIALOG_TITLE, SF_INFO, SF_ORDER, SF_PAGE) VALUES('14', '6', 'Insert', '新建子节点', 'Global', 'icon-plus', '1', '~/c/~xml/CNewChild/{Source}', '1', NULL, NULL, 'Dialog', '30', 'Detail');
INSERT INTO SYS_SUB_FUNC (SF_ID, SF_FN_ID, SF_NAME_ID, SF_NAME, SF_POSITION, SF_ICON, SF_USE_KEY, SF_CONTENT, SF_USE_MARCO, SF_CONFIRM_DATA, SF_DIALOG_TITLE, SF_INFO, SF_ORDER, SF_PAGE) VALUES('15', '6', '_Empty', '空操作', 'Row', NULL, '0', '避免角色在配置权限时，出现需要选中该功能，但不要所有子操作的情况无法实现的BUG', '0', NULL, NULL, NULL, '-1', 'List');
INSERT INTO SYS_SUB_FUNC (SF_ID, SF_FN_ID, SF_NAME_ID, SF_NAME, SF_POSITION, SF_ICON, SF_USE_KEY, SF_CONTENT, SF_USE_MARCO, SF_CONFIRM_DATA, SF_DIALOG_TITLE, SF_INFO, SF_ORDER, SF_PAGE) VALUES('16', '7', 'Update', '修改节点', 'Global', 'icon-edit', '0', NULL, '0', NULL, NULL, 'Update', '10', 'Detail');
INSERT INTO SYS_SUB_FUNC (SF_ID, SF_FN_ID, SF_NAME_ID, SF_NAME, SF_POSITION, SF_ICON, SF_USE_KEY, SF_CONTENT, SF_USE_MARCO, SF_CONFIRM_DATA, SF_DIALOG_TITLE, SF_INFO, SF_ORDER, SF_PAGE) VALUES('17', '7', 'Delete', '删除节点', 'Global', 'icon-remove', '0', NULL, '0', '确认删除吗？', NULL, 'Delete,AjaxUrl', '20', 'Detail');
INSERT INTO SYS_SUB_FUNC (SF_ID, SF_FN_ID, SF_NAME_ID, SF_NAME, SF_POSITION, SF_ICON, SF_USE_KEY, SF_CONTENT, SF_USE_MARCO, SF_CONFIRM_DATA, SF_DIALOG_TITLE, SF_INFO, SF_ORDER, SF_PAGE) VALUES('18', '7', 'Insert', '新建子节点', 'Global', 'icon-plus', '1', '~/c/~xml/CNewChild/{Source}', '1', NULL, NULL, NULL, '30', 'Detail');
INSERT INTO SYS_SUB_FUNC (SF_ID, SF_FN_ID, SF_NAME_ID, SF_NAME, SF_POSITION, SF_ICON, SF_USE_KEY, SF_CONTENT, SF_USE_MARCO, SF_CONFIRM_DATA, SF_DIALOG_TITLE, SF_INFO, SF_ORDER, SF_PAGE) VALUES('19', '7', '_Empty', '空操作', 'Row', NULL, '0', '避免角色在配置权限时，出现需要选中该功能，但不要所有子操作的情况无法实现的BUG', '0', NULL, NULL, NULL, '-1', 'List');

INSERT INTO SYS_PART_FUNC (PF_PART_ID, PF_FN_ID, PF_IS_FUNC) VALUES('1', '1', NULL);
INSERT INTO SYS_PART_FUNC (PF_PART_ID, PF_FN_ID, PF_IS_FUNC) VALUES('1', '2', NULL);
INSERT INTO SYS_PART_FUNC (PF_PART_ID, PF_FN_ID, PF_IS_FUNC) VALUES('1', '3', NULL);
INSERT INTO SYS_PART_FUNC (PF_PART_ID, PF_FN_ID, PF_IS_FUNC) VALUES('1', '5', NULL);
INSERT INTO SYS_PART_FUNC (PF_PART_ID, PF_FN_ID, PF_IS_FUNC) VALUES('1', '6', NULL);
INSERT INTO SYS_PART_FUNC (PF_PART_ID, PF_FN_ID, PF_IS_FUNC) VALUES('1', '7', NULL);

INSERT INTO SYS_PART_SUB_FUNC (PSF_PART_ID, PSF_SF_ID, PSF_IS_FUNC) VALUES('1', '1', NULL);
INSERT INTO SYS_PART_SUB_FUNC (PSF_PART_ID, PSF_SF_ID, PSF_IS_FUNC) VALUES('1', '2', NULL);
INSERT INTO SYS_PART_SUB_FUNC (PSF_PART_ID, PSF_SF_ID, PSF_IS_FUNC) VALUES('1', '3', NULL);
INSERT INTO SYS_PART_SUB_FUNC (PSF_PART_ID, PSF_SF_ID, PSF_IS_FUNC) VALUES('1', '4', NULL);
INSERT INTO SYS_PART_SUB_FUNC (PSF_PART_ID, PSF_SF_ID, PSF_IS_FUNC) VALUES('1', '5', NULL);
INSERT INTO SYS_PART_SUB_FUNC (PSF_PART_ID, PSF_SF_ID, PSF_IS_FUNC) VALUES('1', '6', NULL);
INSERT INTO SYS_PART_SUB_FUNC (PSF_PART_ID, PSF_SF_ID, PSF_IS_FUNC) VALUES('1', '7', NULL);
INSERT INTO SYS_PART_SUB_FUNC (PSF_PART_ID, PSF_SF_ID, PSF_IS_FUNC) VALUES('1', '8', NULL);
INSERT INTO SYS_PART_SUB_FUNC (PSF_PART_ID, PSF_SF_ID, PSF_IS_FUNC) VALUES('1', '9', NULL);
INSERT INTO SYS_PART_SUB_FUNC (PSF_PART_ID, PSF_SF_ID, PSF_IS_FUNC) VALUES('1', '10', NULL);
INSERT INTO SYS_PART_SUB_FUNC (PSF_PART_ID, PSF_SF_ID, PSF_IS_FUNC) VALUES('1', '11', NULL);
INSERT INTO SYS_PART_SUB_FUNC (PSF_PART_ID, PSF_SF_ID, PSF_IS_FUNC) VALUES('1', '12', NULL);
INSERT INTO SYS_PART_SUB_FUNC (PSF_PART_ID, PSF_SF_ID, PSF_IS_FUNC) VALUES('1', '13', NULL);
INSERT INTO SYS_PART_SUB_FUNC (PSF_PART_ID, PSF_SF_ID, PSF_IS_FUNC) VALUES('1', '14', NULL);
INSERT INTO SYS_PART_SUB_FUNC (PSF_PART_ID, PSF_SF_ID, PSF_IS_FUNC) VALUES('1', '15', NULL);
INSERT INTO SYS_PART_SUB_FUNC (PSF_PART_ID, PSF_SF_ID, PSF_IS_FUNC) VALUES('1', '16', NULL);
INSERT INTO SYS_PART_SUB_FUNC (PSF_PART_ID, PSF_SF_ID, PSF_IS_FUNC) VALUES('1', '17', NULL);
INSERT INTO SYS_PART_SUB_FUNC (PSF_PART_ID, PSF_SF_ID, PSF_IS_FUNC) VALUES('1', '18', NULL);
INSERT INTO SYS_PART_SUB_FUNC (PSF_PART_ID, PSF_SF_ID, PSF_IS_FUNC) VALUES('1', '19', NULL);